,XGBoost_mean,XGBoost_std,RandomForest_mean,RandomForest_std,MLP_mean,MLP_std
MSE,0.00013157742212311773,2.475181672137368e-05,0.00019779009356150993,3.094757439640439e-05,2.1663760393711568e-05,8.570311227695755e-06
RMSE,0.01142024363122818,0.001074922102531138,0.014019908382341451,0.0011100732013078194,0.004564729855962359,0.0009093963579195956
MAE,0.0074149379490516115,0.0003247294486949222,0.01006613333748766,0.00044315784710397406,0.0028295104174806958,0.0004023490842104279
R2,0.9444451808055294,0.01034525607841979,0.9174536329286263,0.01056234698692944,0.9916317088950752,0.003138440207335218
